<?xml version="1.0" encoding="UTF-8"?>
<project-private xmlns="http://www.netbeans.org/ns/project-private/1">
    <editor-bookmarks xmlns="http://www.netbeans.org/ns/editor-bookmarks/2" lastBookmarkId="0"/>
    <open-files xmlns="http://www.netbeans.org/ns/projectui-open-files/2">
        <group>
            <file>file:/C:/Users/Deepika%20Singh/OneDrive/Documents/NetBeansProjects/airline/src/airlinemanagement/book.java</file>
            <file>file:/C:/Users/Deepika%20Singh/OneDrive/Documents/NetBeansProjects/airline/src/airlinemanagement/cancellation.java</file>
            <file>file:/C:/Users/Deepika%20Singh/OneDrive/Documents/NetBeansProjects/airline/src/airlinemanagement/connection1.java</file>
            <file>file:/C:/Users/Deepika%20Singh/OneDrive/Documents/NetBeansProjects/airline/src/airlinemanagement/addpassengerdeatil.java</file>
            <file>file:/C:/Users/Deepika%20Singh/OneDrive/Documents/NetBeansProjects/airline/src/airlinemanagement/homepage.java</file>
            <file>file:/C:/Users/Deepika%20Singh/OneDrive/Documents/NetBeansProjects/airline/src/airlinemanagement/userregis.java</file>
            <file>file:/C:/Users/Deepika%20Singh/OneDrive/Documents/NetBeansProjects/airline/src/airlinemanagement/adminsection.java</file>
            <file>file:/C:/Users/Deepika%20Singh/OneDrive/Documents/NetBeansProjects/airline/src/airlinemanagement/Reservation.java</file>
            <file>file:/C:/Users/Deepika%20Singh/OneDrive/Documents/NetBeansProjects/airline/src/airlinemanagement/login.java</file>
            <file>file:/C:/Users/Deepika%20Singh/OneDrive/Documents/NetBeansProjects/airline/src/airlinemanagement/Flightdetails.java</file>
            <file>file:/C:/Users/Deepika%20Singh/OneDrive/Documents/NetBeansProjects/airline/src/airlinemanagement/payement.java</file>
        </group>
    </open-files>
</project-private>
